{
  "K": [
    [
      491.5610589720137,
      0.0,
      539.9318928861179
    ],
    [
      0.0,
      491.7184012610722,
      361.99199097634147
    ],
    [
      0.0,
      0.0,
      1.0
    ]
  ],
  "D": [
    [
      0.003089818836675589
    ],
    [
      0.011609216916534338
    ],
    [
      -0.04981087324714053
    ],
    [
      0.014923469273830843
    ]
  ],
  "image_size": [
    1024,
    768
  ],
  "rms_error": 0.246353,
  "num_frames_used": 30
}